Name,gameDate,Round,d1,d1num,d1suit,d2,d2num,d2suit,cc,ccnum,ccsuit,p1,p2,p3,p4,p5,p6,p7,peggedPoints,handPoints,cribPoints,EORScore
Caitlin,Wed Feb 18 2026 12:33:49 GMT-0700 (Mountain Standard Time),1,5H,5,H,7S,7,S,JH,J,H,3D,KD,2C,AD,GO,GO,GO,2,7,4,13
Sarah,Wed Feb 18 2026 12:33:49 GMT-0700 (Mountain Standard Time),1,9D,9,D,QS,Q,S,JH,J,H,3H,4H,2S,GO,7H,GO,GO,5,9,0,14
Caitlin,Wed Feb 18 2026 12:33:49 GMT-0700 (Mountain Standard Time),2,9D,9,D,8H,8,H,KH,K,H,10H,GO,3C,2S,3D,GO,GO,3,8,,24
Sarah,Wed Feb 18 2026 12:33:49 GMT-0700 (Mountain Standard Time),2,6H,6,H,6D,6,D,KH,K,H,JD,QH,GO,QS,5H,GO,GO,1,16,6,37
Caitlin,Wed Feb 18 2026 12:33:49 GMT-0700 (Mountain Standard Time),3,8C,8,C,8D,8,D,AS,A,S,6D,10H,GO,9D,6H,GO,GO,0,6,6,36
Sarah,Wed Feb 18 2026 12:33:49 GMT-0700 (Mountain Standard Time),3,7H,7,H,4D,4,D,AS,A,S,4S,10D,GO,QS,5H,GO,GO,1,12,,50
Caitlin,Wed Feb 18 2026 12:33:49 GMT-0700 (Mountain Standard Time),4,7S,7,S,6D,6,D,4H,4,H,KH,KS,GO,4S,AD,GO,GO,3,14,,53
Sarah,Wed Feb 18 2026 12:33:49 GMT-0700 (Mountain Standard Time),4,6S,6,S,2C,2,C,4H,4,H,QS,AS,GO,8D,8C,GO,GO,3,4,6,63
Caitlin,Wed Feb 18 2026 12:33:49 GMT-0700 (Mountain Standard Time),5,8C,8,C,7C,7,C,2S,2,S,4S,3D,JD,AH,GO,GO,GO,6,10,7,76
Sarah,Wed Feb 18 2026 12:33:49 GMT-0700 (Mountain Standard Time),5,6H,6,H,3H,3,H,2S,2,S,6D,5D,2D,GO,8D,GO,GO,5,8,,76
Caitlin,Wed Feb 18 2026 12:33:49 GMT-0700 (Mountain Standard Time),6,9S,9,S,7H,7,H,5H,5,H,KH,7S,GO,JD,5C,GO,GO,5,10,,91
Sarah,Wed Feb 18 2026 12:33:49 GMT-0700 (Mountain Standard Time),6,8D,8,D,9D,9,D,5H,5,H,5S,QC,GO,5D,3S,GO,GO,0,14,14,104
Caitlin,Wed Feb 18 2026 12:33:49 GMT-0700 (Mountain Standard Time),7,QC,Q,C,QS,Q,S,4D,4,D,6H,KD,AH,GO,5S,GO,GO,3,4,2,100
Sarah,Wed Feb 18 2026 12:33:49 GMT-0700 (Mountain Standard Time),7,9C,9,C,3D,3,D,4D,4,D,3C,8H,GO,5D,10D,GO,GO,1,12,,117
Caitlin,Wed Feb 18 2026 12:33:49 GMT-0700 (Mountain Standard Time),8,AD,A,D,9H,9,H,AH,A,H,KD,QS,GO,GO,5D,GO,GO,4,6,,110
Sarah,Wed Feb 18 2026 12:33:49 GMT-0700 (Mountain Standard Time),8,JH,J,H,8S,8,S,AH,A,H,5H,5C,GO,6D,5S,GO,GO,0,8,3,125
Caitlin,Wed Feb 18 2026 16:06:18 GMT-0700 (Mountain Standard Time),1,KD,K,D,7S,7,S,AD,A,D,3C,2C,2H,4D,GO,GO,GO,7,10,4,21
Sarah,Wed Feb 18 2026 16:06:18 GMT-0700 (Mountain Standard Time),1,AH,A,H,8C,8,C,AD,A,D,3D,2D,JH,GO,QH,GO,GO,4,7,0,11
Caitlin,Wed Feb 18 2026 16:06:18 GMT-0700 (Mountain Standard Time),2,7H,7,H,2H,2,H,KD,K,D,8H,5S,GO,QC,GO,QD,GO,4,8,,33
Sarah,Wed Feb 18 2026 16:06:18 GMT-0700 (Mountain Standard Time),2,4D,4,D,4S,4,S,KD,K,D,7D,8D,GO,8S,9S,GO,GO,3,12,4,30
Caitlin,Wed Feb 18 2026 16:06:18 GMT-0700 (Mountain Standard Time),3,4C,4,C,KS,K,S,4D,4,D,8S,7H,2H,GO,7C,GO,GO,3,6,6,48
Sarah,Wed Feb 18 2026 16:06:18 GMT-0700 (Mountain Standard Time),3,JC,J,C,4S,4,S,4D,4,D,9S,3S,AS,GO,9D,GO,GO,4,2,,36
Caitlin,Wed Feb 18 2026 16:06:18 GMT-0700 (Mountain Standard Time),4,6C,6,C,10H,1,H,AS,A,S,KC,3C,GO,7C,10C,GO,GO,5,4,,57
Sarah,Wed Feb 18 2026 16:06:18 GMT-0700 (Mountain Standard Time),4,9S,9,S,AC,A,C,AS,A,S,KH,3D,5D,GO,4D,GO,GO,2,7,4,49
Caitlin,Wed Feb 18 2026 16:06:18 GMT-0700 (Mountain Standard Time),5,2S,2,S,9C,9,C,AD,A,D,7D,6D,GO,5D,10D,GO,GO,4,10,8,79
Sarah,Wed Feb 18 2026 16:06:18 GMT-0700 (Mountain Standard Time),5,3H,3,H,4C,4,C,AD,A,D,8H,10H,GO,KD,GO,KH,GO,7,2,,58
Caitlin,Wed Feb 18 2026 16:06:18 GMT-0700 (Mountain Standard Time),6,KS,K,S,3D,3,D,6D,6,D,JS,9C,GO,6H,6S,GO,GO,3,12,,94
Sarah,Wed Feb 18 2026 16:06:18 GMT-0700 (Mountain Standard Time),6,7C,7,C,7D,7,D,6D,6,D,KC,2S,GO,AC,3H,GO,GO,0,2,2,62
Caitlin,Wed Feb 18 2026 16:06:18 GMT-0700 (Mountain Standard Time),7,2C,2,C,6H,6,H,10C,1,C,4C,QS,KS,GO,4S,GO,GO,1,2,2,99
Sarah,Wed Feb 18 2026 16:06:18 GMT-0700 (Mountain Standard Time),7,10S,1,S,QH,Q,H,10C,1,C,3H,3C,GO,9D,6C,GO,GO,1,6,,69
Caitlin,Wed Feb 18 2026 16:06:18 GMT-0700 (Mountain Standard Time),8,4H,4,H,QC,Q,C,AC,A,C,10S,AD,GO,8S,GO,8D,GO,3,4,,106
Sarah,Wed Feb 18 2026 16:06:18 GMT-0700 (Mountain Standard Time),8,JS,J,S,3S,3,S,AC,A,C,KH,10D,GO,10H,KC,GO,GO,3,4,4,80
Caitlin,Wed Feb 18 2026 16:06:18 GMT-0700 (Mountain Standard Time),9,7S,7,S,8H,8,H,AD,A,D,4S,QD,GO,3D,JD,GO,GO,4,8,4,122
Sarah,Wed Feb 18 2026 16:06:18 GMT-0700 (Mountain Standard Time),9,KS,K,S,AH,A,H,AD,A,D,QH,5S,GO,JH,GO,10S,GO,2,9,,91
Sarah,Thu Feb 19 2026 13:41:18 GMT-0700 (Mountain Standard Time),1,4C,4,C,4D,4,D,7H,7,H,8H,JH,GO,10C,GO,9S,GO,2,7,6,15
Caitlin,Thu Feb 19 2026 13:41:18 GMT-0700 (Mountain Standard Time),1,2S,2,S,9H,9,H,7H,7,H,JS,GO,JC,KC,GO,4H,GO,1,2,0,3
Sarah,Thu Feb 19 2026 13:41:18 GMT-0700 (Mountain Standard Time),2,KC,K,C,4D,4,D,7H,7,H,5S,10D,GO,10C,JS,GO,GO,4,8,,27
Caitlin,Thu Feb 19 2026 13:41:18 GMT-0700 (Mountain Standard Time),2,QC,Q,C,8D,8,D,7H,7,H,4H,QD,2H,GO,QH,GO,GO,2,2,2,9
Sarah,Thu Feb 19 2026 13:41:18 GMT-0700 (Mountain Standard Time),3,QH,Q,H,9D,9,D,10C,1,C,2C,4S,5C,3H,GO,GO,GO,7,8,2,44
Caitlin,Thu Feb 19 2026 13:41:18 GMT-0700 (Mountain Standard Time),3,KC,K,C,QS,Q,S,10C,1,C,4D,4H,6S,GO,5S,GO,GO,10,14,,33
Sarah,Thu Feb 19 2026 13:41:18 GMT-0700 (Mountain Standard Time),4,10S,1,S,KS,K,S,7C,7,C,6S,7S,2S,GO,QS,GO,GO,5,8,,57
Caitlin,Thu Feb 19 2026 13:41:18 GMT-0700 (Mountain Standard Time),4,5D,5,D,KD,K,D,7C,7,C,6D,7H,GO,GO,8S,9C,GO,1,16,8,58
Sarah,Thu Feb 19 2026 13:41:18 GMT-0700 (Mountain Standard Time),5,KD,K,D,KS,K,S,9D,9,D,8C,7D,AC,GO,2D,GO,GO,2,5,8,72
Caitlin,Thu Feb 19 2026 13:41:18 GMT-0700 (Mountain Standard Time),5,AH,A,H,5D,5,D,9D,9,D,8S,7S,GO,AD,8D,GO,GO,4,12,,74
Sarah,Thu Feb 19 2026 13:41:18 GMT-0700 (Mountain Standard Time),6,AD,A,D,4H,4,H,5C,5,C,JC,GO,JH,JS,GO,5S,GO,2,20,,94
Caitlin,Thu Feb 19 2026 13:41:18 GMT-0700 (Mountain Standard Time),6,6C,6,C,6S,6,S,5C,5,C,8C,JD,GO,QH,GO,10S,GO,3,9,12,98
Sarah,Thu Feb 19 2026 13:41:18 GMT-0700 (Mountain Standard Time),7,JS,J,S,2D,2,D,JC,J,C,7C,8D,GO,4H,4S,GO,GO,10,5,6,115
Caitlin,Thu Feb 19 2026 13:41:18 GMT-0700 (Mountain Standard Time),7,JH,J,H,7H,7,H,JC,J,C,6H,5D,GO,4D,6S,GO,GO,7,14,0,119
Sarah,Thu Feb 19 2026 13:41:18 GMT-0700 (Mountain Standard Time),8,9D,9,D,10D,1,D,6S,6,S,KC,AD,GO,QS,4C,GO,GO,0,4,,119
Caitlin,Thu Feb 19 2026 13:41:18 GMT-0700 (Mountain Standard Time),8,7D,7,D,3H,3,H,6S,6,S,8C,JH,2S,GO,5C,GO,GO,4,4,2,119
Sarah,Thu Feb 19 2026 13:41:18 GMT-0700 (Mountain Standard Time),9,7D,7,D,QC,Q,C,8H,8,H,7S,4C,4D,GO,2C,GO,GO,1,6,,120
Caitlin,Thu Feb 19 2026 13:41:18 GMT-0700 (Mountain Standard Time),9,3D,3,D,6S,6,S,8H,8,H,10H,5D,GO,5S,3S,GO,GO,0,6,,119
Sarah,Thu Feb 19 2026 17:19:33 GMT-0700 (Mountain Standard Time),1,AC,A,C,8S,8,S,QC,Q,C,JS,QH,GO,QD,KC,GO,GO,0,15,2,17
Caitlin,Thu Feb 19 2026 17:19:33 GMT-0700 (Mountain Standard Time),1,3D,3,D,8C,8,C,QC,Q,C,5C,6D,GO,4D,3H,GO,GO,5,8,0,13
Sarah,Thu Feb 19 2026 17:19:33 GMT-0700 (Mountain Standard Time),2,7C,7,C,9C,9,C,7H,7,H,4H,3D,GO,5S,5H,GO,GO,11,12,,40
Caitlin,Thu Feb 19 2026 17:19:33 GMT-0700 (Mountain Standard Time),2,AH,A,H,9H,9,H,7H,7,H,4C,QC,6S,GO,5D,GO,GO,3,8,4,28
Sarah,Thu Feb 19 2026 17:19:33 GMT-0700 (Mountain Standard Time),3,QC,Q,C,7S,7,S,2C,2,C,10D,4C,2H,GO,9H,GO,GO,4,4,5,53
Caitlin,Thu Feb 19 2026 17:19:33 GMT-0700 (Mountain Standard Time),3,3H,3,H,AH,A,H,2C,2,C,5D,JS,GO,9D,6S,GO,GO,3,4,,35
Sarah,Thu Feb 19 2026 17:19:33 GMT-0700 (Mountain Standard Time),4,QD,Q,D,10D,1,D,6S,6,S,2D,7H,GO,7C,AS,GO,GO,1,6,,60
Caitlin,Thu Feb 19 2026 17:19:33 GMT-0700 (Mountain Standard Time),4,9D,9,D,6H,6,H,6S,6,S,4C,JS,8S,GO,3H,GO,GO,2,2,4,43
Sarah,Thu Feb 19 2026 17:19:33 GMT-0700 (Mountain Standard Time),5,8S,8,S,6H,6,H,3C,3,C,9S,10S,GO,5S,KC,GO,GO,4,4,6,74
Caitlin,Thu Feb 19 2026 17:19:33 GMT-0700 (Mountain Standard Time),5,AD,A,D,8H,8,H,3C,3,C,JS,GO,3H,5C,4C,GO,GO,3,10,,56
Sarah,Thu Feb 19 2026 17:19:33 GMT-0700 (Mountain Standard Time),6,8S,8,S,8H,8,H,AH,A,H,9D,JD,GO,5C,AD,GO,GO,3,8,,85
Caitlin,Thu Feb 19 2026 17:19:33 GMT-0700 (Mountain Standard Time),6,KC,K,C,KD,K,D,AH,A,H,3C,9C,GO,6H,10H,GO,GO,2,2,4,64
Sarah,Thu Feb 19 2026 17:19:33 GMT-0700 (Mountain Standard Time),7,7S,7,S,AC,A,C,6S,6,S,QS,JD,GO,5H,5S,GO,GO,3,6,2,96
Caitlin,Thu Feb 19 2026 17:19:33 GMT-0700 (Mountain Standard Time),7,QH,Q,H,2H,2,H,6S,6,S,10C,AD,GO,9H,6D,GO,GO,3,6,,73
Sarah,Thu Feb 19 2026 17:19:33 GMT-0700 (Mountain Standard Time),8,AS,A,S,9C,9,C,AD,A,D,4C,3C,5C,GO,2H,GO,GO,4,7,2,109
Caitlin,Thu Feb 19 2026 17:19:33 GMT-0700 (Mountain Standard Time),8,JH,J,H,QS,Q,S,AD,A,D,4S,9D,6S,GO,3D,GO,GO,,2,,75
Sarah,Thu Feb 19 2026 17:19:33 GMT-0700 (Mountain Standard Time),9,6S,6,S,10H,1,H,9H,9,H,GO,KC,2C,GO,KD,AC,GO,,2,,111
Caitlin,Thu Feb 19 2026 17:19:33 GMT-0700 (Mountain Standard Time),9,AH,A,H,2S,2,S,9H,9,H,6C,6D,7H,GO,5D,GO,GO,4,12,2,93
Sarah,Thu Feb 19 2026 17:19:33 GMT-0700 (Mountain Standard Time),10,6H,6,H,9D,9,D,KH,K,H,2H,5C,GO,10H,10S,GO,GO,3,8,2,122
Caitlin,Thu Feb 19 2026 17:19:33 GMT-0700 (Mountain Standard Time),10,3H,3,H,8S,8,S,KH,K,H,GO,5D,KS,GO,JH,GO,QH,2,16,,111
Colban,Fri Feb 20 2026 17:42:18 GMT-0700 (Mountain Standard Time),1,2S,2,S,4H,4,H,6S,6,S,8S,JS,GO,7C,QD,GO,GO,5,5,9,19
Caitlin,Fri Feb 20 2026 17:42:18 GMT-0700 (Mountain Standard Time),1,3D,3,D,6C,6,C,6S,6,S,JC,GO,4C,KS,JD,GO,GO,1,2,0,3
Colban,Fri Feb 20 2026 17:42:18 GMT-0700 (Mountain Standard Time),2,KC,K,C,2S,2,S,10C,1,C,8S,5D,GO,7C,6S,GO,GO,7,8,,34
Caitlin,Fri Feb 20 2026 17:42:18 GMT-0700 (Mountain Standard Time),2,7H,7,H,AC,A,C,10C,1,C,7D,6D,5C,GO,7S,GO,GO,9,8,,20
Colban,Fri Feb 20 2026 17:42:18 GMT-0700 (Mountain Standard Time),3,8H,8,H,9C,9,C,QH,Q,H,4H,4S,AC,GO,QC,GO,GO,7,12,,53
Caitlin,Fri Feb 20 2026 17:42:18 GMT-0700 (Mountain Standard Time),3,3D,3,D,KH,K,H,QH,Q,H,4D,QS,GO,GO,JC,10S,GO,6,6,,32
Colban,Fri Feb 20 2026 17:42:18 GMT-0700 (Mountain Standard Time),4,KC,K,C,6H,6,H,6S,6,S,AS,9H,5D,GO,5S,GO,GO,3,8,,64
Caitlin,Fri Feb 20 2026 17:42:18 GMT-0700 (Mountain Standard Time),4,10H,1,H,9C,9,C,6S,6,S,2H,3D,KH,GO,2D,GO,GO,4,6,6,48
Colban,Fri Feb 20 2026 17:42:18 GMT-0700 (Mountain Standard Time),5,3C,3,C,AD,A,D,2D,2,D,8H,7S,GO,GO,7D,6H,GO,4,14,2,84
Caitlin,Fri Feb 20 2026 17:42:18 GMT-0700 (Mountain Standard Time),5,QD,Q,D,8C,8,C,2D,2,D,9S,4D,2S,GO,10S,GO,GO,1,6,,55
Colban,Fri Feb 20 2026 17:42:18 GMT-0700 (Mountain Standard Time),6,QC,Q,C,QS,Q,S,AC,A,C,7S,3H,GO,9C,3C,GO,GO,1,2,,87
Caitlin,Fri Feb 20 2026 17:42:18 GMT-0700 (Mountain Standard Time),6,2C,2,C,7D,7,D,AC,A,C,KC,QD,AH,GO,JD,GO,GO,1,8,2,66
Colban,Fri Feb 20 2026 17:42:18 GMT-0700 (Mountain Standard Time),7,6C,6,C,2H,2,H,3C,3,C,JD,10S,AD,GO,KH,GO,GO,1,,7,95
Caitlin,Fri Feb 20 2026 17:42:18 GMT-0700 (Mountain Standard Time),7,10H,1,H,4D,4,D,3C,3,C,5H,GO,GO,8D,8S,GO,JS,4,4,,74
Colban,Fri Feb 20 2026 17:42:18 GMT-0700 (Mountain Standard Time),8,JS,J,S,10H,1,H,6S,6,S,4S,3H,GO,GO,7C,7D,GO,7,2,0,104
Caitlin,Fri Feb 20 2026 17:42:18 GMT-0700 (Mountain Standard Time),8,QS,Q,S,QC,Q,C,6S,6,S,4D,4C,10C,AH,GO,GO,GO,7,6,8,95
Colban,Fri Feb 20 2026 17:42:18 GMT-0700 (Mountain Standard Time),9,2S,2,S,2C,2,C,KD,K,D,KC,9D,AS,GO,5D,GO,GO,3,8,4,119
Caitlin,Fri Feb 20 2026 17:42:18 GMT-0700 (Mountain Standard Time),9,7D,7,D,AD,A,D,KD,K,D,10H,GO,GO,10S,5S,JS,GO,3,10,,108
Colban,Fri Feb 20 2026 17:42:18 GMT-0700 (Mountain Standard Time),10,AS,A,S,2D,2,D,5S,5,S,JC,7C,GO,8D,5D,GO,GO,1,8,,120
Caitlin,Fri Feb 20 2026 17:42:18 GMT-0700 (Mountain Standard Time),10,KS,K,S,KH,K,H,5S,5,S,4C,6C,4H,GO,3H,GO,GO,2,14,6,124
Colban,Fri Feb 20 2026 18:17:55 GMT-0700 (Mountain Standard Time),1,6S,6,S,6H,6,H,9S,9,S,8D,5D,2D,5S,GO,GO,GO,2,6,6,14
Caitlin,Fri Feb 20 2026 18:17:55 GMT-0700 (Mountain Standard Time),1,7D,7,D,QH,Q,H,9S,9,S,3C,2C,AD,AH,GO,GO,GO,1,12,0,13
Colban,Fri Feb 20 2026 18:17:55 GMT-0700 (Mountain Standard Time),2,8S,8,S,4S,4,S,JH,J,H,10C,AC,GO,QD,GO,JD,GO,2,8,,24
Caitlin,Fri Feb 20 2026 18:17:55 GMT-0700 (Mountain Standard Time),2,4C,4,C,KH,K,H,JH,J,H,9H,7S,GO,9C,6S,GO,GO,2,6,2,23
Colban,Fri Feb 20 2026 18:17:55 GMT-0700 (Mountain Standard Time),3,QC,Q,C,QS,Q,S,JD,J,D,6H,6C,9D,GO,GO,7H,GO,4,4,6,38
Caitlin,Fri Feb 20 2026 18:17:55 GMT-0700 (Mountain Standard Time),3,4C,4,C,QD,Q,D,JD,J,D,3S,2D,AH,AD,GO,GO,GO,3,8,,34
Colban,Fri Feb 20 2026 18:17:55 GMT-0700 (Mountain Standard Time),4,7H,7,H,9D,9,D,2H,2,H,3H,2D,AD,AC,GO,GO,GO,3,14,,55
Caitlin,Fri Feb 20 2026 18:17:55 GMT-0700 (Mountain Standard Time),4,10D,1,D,10C,1,C,2H,2,H,6C,7C,AH,2S,GO,GO,GO,,4,2,40
Colban,Fri Feb 20 2026 18:17:55 GMT-0700 (Mountain Standard Time),5,2D,2,D,3S,3,S,8C,8,C,9S,9C,6H,GO,5D,GO,GO,0,6,6,67
Caitlin,Fri Feb 20 2026 18:17:55 GMT-0700 (Mountain Standard Time),5,KH,K,H,KD,K,D,8C,8,C,3D,3C,AD,GO,2S,GO,GO,3,8,,51
Colban,Fri Feb 20 2026 18:17:55 GMT-0700 (Mountain Standard Time),6,JC,J,C,KS,K,S,AS,A,S,8C,7D,AD,GO,6S,GO,GO,4,9,0,80
Caitlin,Fri Feb 20 2026 18:17:55 GMT-0700 (Mountain Standard Time),6,AC,A,C,2S,2,S,AS,A,S,7C,8D,GO,GO,8S,KD,GO,3,6,2,62
Colban,Fri Feb 20 2026 18:17:55 GMT-0700 (Mountain Standard Time),7,6S,6,S,7D,7,D,KS,K,S,4D,3C,AD,AS,GO,GO,GO,4,8,3,95
Caitlin,Fri Feb 20 2026 18:17:55 GMT-0700 (Mountain Standard Time),7,6H,6,H,JS,J,S,KS,K,S,4C,2C,8C,7C,GO,GO,GO,6,6,,74
Colban,Fri Feb 20 2026 18:17:55 GMT-0700 (Mountain Standard Time),8,3D,3,D,4S,4,S,6S,6,S,JC,AD,GO,QC,KH,GO,GO,0,3,,98
Caitlin,Fri Feb 20 2026 18:17:55 GMT-0700 (Mountain Standard Time),8,KD,K,D,KC,K,C,6S,6,S,4D,8H,3C,GO,6C,GO,GO,1,4,2,81
Colban,Fri Feb 20 2026 18:17:55 GMT-0700 (Mountain Standard Time),9,8S,8,S,3D,3,D,QS,Q,S,QD,QH,GO,5D,AD,GO,GO,,12,4,11
Caitlin,Fri Feb 20 2026 18:17:55 GMT-0700 (Mountain Standard Time),9,7S,7,S,QC,Q,C,QS,Q,S,9S,2D,GO,JC,4H,GO,GO,4,2,,87
Colban,Fri Feb 20 2026 18:17:55 GMT-0700 (Mountain Standard Time),10,9D,9,D,9C,9,C,6D,6,D,3D,2S,KH,GO,AD,GO,GO,5,5,,122
Caitlin,Fri Feb 20 2026 18:17:55 GMT-0700 (Mountain Standard Time),10,KC,K,C,QC,Q,C,6D,6,D,4D,6H,6S,GO,2H,GO,GO,,6,6,93
Colban,Fri Feb 20 2026 18:54:44 GMT-0700 (Mountain Standard Time),1,AD,A,D,2H,2,H,5D,5,D,9C,5S,GO,GO,QC,JD,GO,0,10,,10
Caitlin,Fri Feb 20 2026 18:54:44 GMT-0700 (Mountain Standard Time),1,JH,J,H,5H,5,H,5D,5,D,8D,8H,AH,GO,6S,GO,GO,2,6,6,14
Colban,Fri Feb 20 2026 18:54:44 GMT-0700 (Mountain Standard Time),2,9H,9,H,9C,9,C,2D,2,D,10D,7D,4D,GO,5D,GO,GO,2,7,4,23
Caitlin,Fri Feb 20 2026 18:54:44 GMT-0700 (Mountain Standard Time),2,QS,Q,S,3S,3,S,2D,2,D,10C,GO,GO,6S,7C,8S,GO,9,5,,28
Colban,Fri Feb 20 2026 18:54:44 GMT-0700 (Mountain Standard Time),3,7H,7,H,AH,A,H,4C,4,C,KS,JH,GO,JC,5C,GO,GO,1,8,,32
Caitlin,Fri Feb 20 2026 18:54:44 GMT-0700 (Mountain Standard Time),3,8D,8,D,JS,J,S,4C,4,C,4H,3D,2D,GO,6S,GO,GO,1,12,4,45
Colban,Fri Feb 20 2026 18:54:44 GMT-0700 (Mountain Standard Time),4,AH,A,H,3H,3,H,QS,Q,S,10C,QD,GO,10D,GO,5S,GO,1,12,5,50
Caitlin,Fri Feb 20 2026 18:54:44 GMT-0700 (Mountain Standard Time),4,2D,2,D,8H,8,H,QS,Q,S,KH,GO,9H,QH,GO,6C,GO,1,4,,50
Colban,Fri Feb 20 2026 18:54:44 GMT-0700 (Mountain Standard Time),5,6C,6,C,2D,2,D,QC,Q,C,5D,JS,AH,GO,9C,GO,GO,4,4,,58
Caitlin,Fri Feb 20 2026 18:54:44 GMT-0700 (Mountain Standard Time),5,2S,2,S,4S,4,S,QC,Q,C,QS,5C,GO,GO,JC,KD,GO,3,16,2,71
Colban,Fri Feb 20 2026 18:54:44 GMT-0700 (Mountain Standard Time),6,3S,3,S,2S,2,S,8D,8,D,10C,5C,GO,QD,6S,GO,GO,4,4,8,74
Caitlin,Fri Feb 20 2026 18:54:44 GMT-0700 (Mountain Standard Time),6,2C,2,C,QH,Q,H,8D,8,D,5S,9S,GO,6D,6H,GO,GO,9,6,,86
Colban,Fri Feb 20 2026 18:54:44 GMT-0700 (Mountain Standard Time),7,KH,K,H,7H,7,H,10H,1,H,QC,4C,GO,AH,4D,GO,GO,6,10,0,90
Caitlin,Fri Feb 20 2026 18:54:44 GMT-0700 (Mountain Standard Time),7,JH,J,H,JC,J,C,10H,1,H,7C,KD,GO,AC,9H,GO,GO,0,0,5,91
Colban,Fri Feb 20 2026 18:54:44 GMT-0700 (Mountain Standard Time),8,8C,8,C,2C,2,C,JD,J,D,KC,KS,4C,AS,GO,GO,GO,2,8,2,102
Caitlin,Fri Feb 20 2026 18:54:44 GMT-0700 (Mountain Standard Time),8,8S,8,S,AD,A,D,JD,J,D,5D,GO,GO,GO,QH,JS,9C,2,8,,101
Colban,Fri Feb 20 2026 18:54:44 GMT-0700 (Mountain Standard Time),9,AC,A,C,QS,Q,S,6S,6,S,KS,GO,GO,9C,KH,GO,9H,2,8,,112
Caitlin,Fri Feb 20 2026 18:54:44 GMT-0700 (Mountain Standard Time),9,10C,1,C,8D,8,D,6S,6,S,4C,KC,3C,GO,QC,GO,GO,3,4,2,110
Colban,Fri Feb 20 2026 18:54:44 GMT-0700 (Mountain Standard Time),10,AH,A,H,2S,2,S,8S,8,S,6D,5C,6S,GO,GO,JD,GO,9,4,2,121
Caitlin,Fri Feb 20 2026 18:54:44 GMT-0700 (Mountain Standard Time),10,6H,6,H,QS,Q,S,8S,8,S,4H,3D,3H,AC,GO,GO,GO,5,4,,114
Colban,Fri Feb 20 2026 19:31:56 GMT-0700 (Mountain Standard Time),1,6C,6,C,7S,7,S,4S,4,S,JC,4H,GO,KS,JS,GO,GO,4,5,,9
Caitlin,Fri Feb 20 2026 19:31:56 GMT-0700 (Mountain Standard Time),1,7H,7,H,9C,9,C,4S,4,S,7D,6D,GO,5C,5D,GO,GO,0,14,4,18
Colban,Fri Feb 20 2026 19:31:56 GMT-0700 (Mountain Standard Time),2,AS,A,S,4D,4,D,2D,2,D,10D,8C,GO,9C,8S,GO,GO,0,8,8,25
Caitlin,Fri Feb 20 2026 19:31:56 GMT-0700 (Mountain Standard Time),2,3H,3,H,8D,8,D,2D,2,D,5C,6C,GO,6D,6S,GO,GO,6,6,,30
Colban,Fri Feb 20 2026 19:31:56 GMT-0700 (Mountain Standard Time),3,AC,A,C,6S,6,S,2D,2,D,QH,JS,GO,JC,GO,10D,GO,2,8,,35
Caitlin,Fri Feb 20 2026 19:31:56 GMT-0700 (Mountain Standard Time),3,AH,A,H,JH,J,H,2D,2,D,4C,3D,GO,7D,6D,GO,GO,1,11,2,44
Colban,Fri Feb 20 2026 19:31:56 GMT-0700 (Mountain Standard Time),4,9H,9,H,9S,9,S,4H,4,H,10H,2D,2S,AS,GO,GO,GO,8,6,6,55
Caitlin,Fri Feb 20 2026 19:31:56 GMT-0700 (Mountain Standard Time),4,6S,6,S,7C,7,C,4H,4,H,QD,2C,4S,GO,3C,GO,GO,3,10,,57
Colban,Fri Feb 20 2026 19:31:56 GMT-0700 (Mountain Standard Time),5,7H,7,H,6H,6,H,4H,4,H,JC,2C,AS,GO,KD,GO,GO,4,4,,63
Caitlin,Fri Feb 20 2026 19:31:56 GMT-0700 (Mountain Standard Time),5,6D,6,D,10D,1,D,4H,4,H,4C,JS,AD,GO,JD,GO,GO,2,12,2,73
Colban,Fri Feb 20 2026 19:31:56 GMT-0700 (Mountain Standard Time),6,KC,K,C,2D,2,D,AC,A,C,7S,9C,GO,10H,8H,GO,GO,3,6,2,74
Caitlin,Fri Feb 20 2026 19:31:56 GMT-0700 (Mountain Standard Time),6,AH,A,H,10D,1,D,AC,A,C,8D,6D,GO,5C,7H,GO,GO,10,8,,91
Colban,Fri Feb 20 2026 19:31:56 GMT-0700 (Mountain Standard Time),7,AH,A,H,2D,2,D,2C,2,C,10D,GO,10H,8D,GO,7C,GO,3,4,,81
Caitlin,Fri Feb 20 2026 19:31:56 GMT-0700 (Mountain Standard Time),7,4C,4,C,6S,6,S,2C,2,C,10C,JS,GO,KC,GO,8H,GO,1,0,4,96
Colban,Fri Feb 20 2026 19:31:56 GMT-0700 (Mountain Standard Time),8,QC,Q,C,JH,J,H,6S,6,S,8C,9C,GO,7C,AC,GO,GO,2,12,,95
Caitlin,Fri Feb 20 2026 19:31:56 GMT-0700 (Mountain Standard Time),8,8D,8,D,4C,4,C,6S,6,S,KS,GO,QS,9D,GO,5H,GO,1,6,,103
Colban,Fri Feb 20 2026 19:31:56 GMT-0700 (Mountain Standard Time),9,3C,3,C,3D,3,D,AH,A,H,KD,5H,GO,JC,GO,QC,GO,3,9,,107
Caitlin,Fri Feb 20 2026 19:31:56 GMT-0700 (Mountain Standard Time),9,6C,6,C,5D,5,D,AH,A,H,7D,9D,GO,8C,9H,GO,GO,1,8,2,114
Colban,Fri Feb 20 2026 19:31:56 GMT-0700 (Mountain Standard Time),10,10S,1,S,JD,J,D,9H,9,H,7S,6C,4D,GO,5D,GO,GO,4,8,10,119
Caitlin,Fri Feb 20 2026 19:31:56 GMT-0700 (Mountain Standard Time),10,JC,J,C,8C,8,C,9H,9,H,QC,4S,GO,AS,QD,GO,GO,1,6,,121
Colban,Fri Feb 20 2026 20:16:20 GMT-0700 (Mountain Standard Time),1,AD,A,D,AH,A,H,2D,2,D,9S,10D,GO,10C,8H,GO,GO,1,8,8,17
Caitlin,Fri Feb 20 2026 20:16:20 GMT-0700 (Mountain Standard Time),1,3C,3,C,7D,7,D,2D,2,D,6H,5D,GO,JH,GO,4D,GO,4,5,0,9
Colban,Fri Feb 20 2026 20:16:20 GMT-0700 (Mountain Standard Time),2,10S,1,S,QS,Q,S,5S,5,S,3S,4D,8H,GO,4S,GO,GO,4,10,0,31
Caitlin,Fri Feb 20 2026 20:16:20 GMT-0700 (Mountain Standard Time),2,5H,5,H,JD,J,D,5S,5,S,3H,3D,9S,GO,6D,GO,GO,6,6,17,38
Colban,Fri Feb 20 2026 20:16:20 GMT-0700 (Mountain Standard Time),3,AD,A,D,7S,7,S,AH,A,H,9C,10D,GO,QD,JS,GO,GO,3,4,6,44
Caitlin,Fri Feb 20 2026 20:16:20 GMT-0700 (Mountain Standard Time),3,6C,6,C,9H,9,H,AH,A,H,KH,AC,GO,KD,GO,4H,GO,2,12,,52
Colban,Fri Feb 20 2026 20:16:20 GMT-0700 (Mountain Standard Time),4,AD,A,D,2H,2,H,4H,4,H,JC,GO,6H,7S,GO,QH,GO,1,0,,45
Caitlin,Fri Feb 20 2026 20:16:20 GMT-0700 (Mountain Standard Time),4,QC,Q,C,5C,5,C,4H,4,H,10S,JD,GO,9S,5H,GO,GO,5,7,4,68
Colban,Fri Feb 20 2026 20:16:20 GMT-0700 (Mountain Standard Time),5,10H,1,H,AS,A,S,AC,A,C,8D,9D,GO,QD,7D,GO,GO,3,9,6,63
Caitlin,Fri Feb 20 2026 20:16:20 GMT-0700 (Mountain Standard Time),5,QS,Q,S,3H,3,H,AC,A,C,9C,5D,GO,10C,GO,6D,GO,3,4,,75
Colban,Fri Feb 20 2026 20:16:20 GMT-0700 (Mountain Standard Time),6,8D,8,D,3H,3,H,9H,9,H,10H,AH,GO,JD,JH,GO,GO,3,8,,74
Caitlin,Fri Feb 20 2026 20:16:20 GMT-0700 (Mountain Standard Time),6,9D,9,D,6S,6,S,9H,9,H,4H,KD,GO,4S,7D,GO,GO,0,4,6,85
Colban,Fri Feb 20 2026 20:16:20 GMT-0700 (Mountain Standard Time),7,8C,8,C,3C,3,C,6S,6,S,10C,QC,GO,JH,GO,4H,GO,3,3,8,88
Caitlin,Fri Feb 20 2026 20:16:20 GMT-0700 (Mountain Standard Time),7,6C,6,C,4C,4,C,6S,6,S,KD,GO,JC,JD,GO,QD,GO,7,8,,100
Colban,Fri Feb 20 2026 20:16:20 GMT-0700 (Mountain Standard Time),8,4D,4,D,7S,7,S,5D,5,D,5C,GO,KD,QC,GO,JC,GO,7,17,,112
Caitlin,Fri Feb 20 2026 20:16:20 GMT-0700 (Mountain Standard Time),8,10D,1,D,AH,A,H,5D,5,D,10H,QH,GO,JD,GO,JH,GO,1,17,4,122
Colban,Fri Feb 20 2026 21:49:46 GMT-0700 (Mountain Standard Time),1,QS,Q,S,3C,3,C,8H,8,H,8C,6S,7S,GO,6H,GO,GO,3,20,2,25
Caitlin,Fri Feb 20 2026 21:49:46 GMT-0700 (Mountain Standard Time),1,KS,K,S,3H,3,H,8H,8,H,7D,2D,AD,GO,5D,GO,GO,4,8,0,12
Colban,Fri Feb 20 2026 21:49:46 GMT-0700 (Mountain Standard Time),2,8H,8,H,AS,A,S,4H,4,H,4C,KD,GO,QC,JC,GO,GO,5,5,,35
Caitlin,Fri Feb 20 2026 21:49:46 GMT-0700 (Mountain Standard Time),2,10C,1,C,JH,J,H,4H,4,H,4S,9S,GO,6S,5S,GO,GO,0,18,5,35
Colban,Fri Feb 20 2026 21:49:46 GMT-0700 (Mountain Standard Time),3,10H,1,H,9C,9,C,6H,6,H,8C,QS,AS,GO,5S,GO,GO,2,8,2,47
Caitlin,Fri Feb 20 2026 21:49:46 GMT-0700 (Mountain Standard Time),3,QH,Q,H,4S,4,S,6H,6,H,7H,5H,GO,3D,7D,GO,GO,4,16,,55
Colban,Fri Feb 20 2026 21:49:46 GMT-0700 (Mountain Standard Time),4,9H,9,H,8D,8,D,6H,6,H,JD,JH,AD,GO,5S,GO,GO,4,6,,57
Caitlin,Fri Feb 20 2026 21:49:46 GMT-0700 (Mountain Standard Time),4,6S,6,S,3C,3,C,6H,6,H,2C,5C,AC,GO,9C,GO,GO,0,8,6,69
Colban,Fri Feb 20 2026 21:49:46 GMT-0700 (Mountain Standard Time),5,AH,A,H,9C,9,C,5S,5,S,7H,10C,GO,8C,7D,GO,GO,1,8,8,74
Caitlin,Fri Feb 20 2026 21:49:46 GMT-0700 (Mountain Standard Time),5,QH,Q,H,QS,Q,S,5S,5,S,JD,AD,GO,QC,GO,KD,GO,2,10,,81
Colban,Fri Feb 20 2026 21:49:46 GMT-0700 (Mountain Standard Time),6,10H,1,H,KS,K,S,KC,K,C,9H,7H,GO,8H,GO,7C,GO,4,12,0,90
Caitlin,Fri Feb 20 2026 21:49:46 GMT-0700 (Mountain Standard Time),6,8S,8,S,2H,2,H,KC,K,C,5S,KD,GO,QD,JD,GO,GO,1,16,2,100
Colban,Fri Feb 20 2026 21:49:46 GMT-0700 (Mountain Standard Time),7,4D,4,D,7H,7,H,6D,6,D,4H,3S,2D,GO,5S,GO,GO,0,9,4,103
Caitlin,Fri Feb 20 2026 21:49:46 GMT-0700 (Mountain Standard Time),7,9D,9,D,7C,7,C,6D,6,D,JH,QC,2S,GO,QH,GO,GO,6,2,,108
Colban,Fri Feb 20 2026 21:49:46 GMT-0700 (Mountain Standard Time),8,AC,A,C,9C,9,C,3S,3,S,5D,6D,4D,AH,GO,GO,GO,4,8,,115
Caitlin,Fri Feb 20 2026 21:49:46 GMT-0700 (Mountain Standard Time),8,2H,2,H,7H,7,H,3S,3,S,5H,KH,GO,GO,GO,KS,JS,1,8,5,122
Colban,Fri Feb 20 2026 22:27:30 GMT-0700 (Mountain Standard Time),1,6H,6,H,8D,8,D,2H,2,H,10D,5C,GO,GO,JH,KS,GO,1,6,4,11
Caitlin,Fri Feb 20 2026 22:27:30 GMT-0700 (Mountain Standard Time),1,3D,3,D,2C,2,C,2H,2,H,QS,3S,3C,GO,2S,GO,GO,4,12,0,16
Colban,Fri Feb 20 2026 22:27:30 GMT-0700 (Mountain Standard Time),2,10D,1,D,QH,Q,H,3S,3,S,6S,9H,GO,8S,7S,GO,GO,4,8,,23
Caitlin,Fri Feb 20 2026 22:27:30 GMT-0700 (Mountain Standard Time),2,QC,Q,C,KC,K,C,3S,3,S,4S,10S,2D,GO,9S,GO,GO,2,8,2,28
Colban,Fri Feb 20 2026 22:27:30 GMT-0700 (Mountain Standard Time),3,2H,2,H,KH,K,H,6S,6,S,10S,QH,GO,9H,GO,GO,8D,3,5,1,32
Caitlin,Fri Feb 20 2026 22:27:30 GMT-0700 (Mountain Standard Time),3,10C,1,C,JS,J,S,6S,6,S,10D,GO,6D,9D,GO,GO,JD,5,10,,43
Colban,Fri Feb 20 2026 22:27:30 GMT-0700 (Mountain Standard Time),4,2D,2,D,4S,4,S,6H,6,H,QC,8C,GO,10C,6S,GO,GO,3,2,,37
Caitlin,Fri Feb 20 2026 22:27:30 GMT-0700 (Mountain Standard Time),4,JH,J,H,JS,J,S,6H,6,H,3S,9H,GO,7D,8D,GO,GO,0,8,3,54
Colban,Fri Feb 20 2026 22:27:30 GMT-0700 (Mountain Standard Time),5,4S,4,S,QC,Q,C,5S,5,S,3H,3C,AC,3S,GO,GO,GO,3,8,4,52
Caitlin,Fri Feb 20 2026 22:27:30 GMT-0700 (Mountain Standard Time),5,JS,J,S,8H,8,H,5S,5,S,8D,AD,JD,GO,4D,GO,GO,3,8,,65
Colban,Fri Feb 20 2026 22:27:30 GMT-0700 (Mountain Standard Time),6,10H,1,H,AH,A,H,8C,8,C,3H,4D,6S,5D,GO,GO,GO,7,8,,67
Caitlin,Fri Feb 20 2026 22:27:30 GMT-0700 (Mountain Standard Time),6,QH,Q,H,5H,5,H,8C,8,C,2H,AC,9H,GO,GO,9D,GO,3,2,8,78
Colban,Fri Feb 20 2026 22:27:30 GMT-0700 (Mountain Standard Time),7,AH,A,H,JS,J,S,3S,3,S,8D,7D,GO,GO,6S,5D,GO,1,8,3,79
Caitlin,Fri Feb 20 2026 22:27:30 GMT-0700 (Mountain Standard Time),7,5S,5,S,8H,8,H,3S,3,S,QD,3D,2D,GO,2C,GO,GO,1,12,,91
Colban,Fri Feb 20 2026 22:27:30 GMT-0700 (Mountain Standard Time),8,7H,7,H,KH,K,H,10S,1,S,4C,4S,AH,GO,6C,GO,GO,1,10,,90
Caitlin,Fri Feb 20 2026 22:27:30 GMT-0700 (Mountain Standard Time),8,3C,3,C,9C,9,C,10S,1,S,5C,KS,5H,GO,QS,GO,GO,,12,,103
Colban,Fri Feb 20 2026 22:27:30 GMT-0700 (Mountain Standard Time),9,10D,1,D,9S,9,S,8D,8,D,KH,8H,GO,7H,5H,GO,GO,2,12,5,109
Caitlin,Fri Feb 20 2026 22:27:30 GMT-0700 (Mountain Standard Time),9,QS,Q,S,JH,J,H,8D,8,D,10C,GO,9H,8C,GO,7D,GO,4,12,,119
Colban,Fri Feb 20 2026 22:27:30 GMT-0700 (Mountain Standard Time),10,10D,1,D,JD,J,D,7C,7,C,8H,5H,4C,GO,3S,GO,GO,3,9,,109
Caitlin,Fri Feb 20 2026 22:27:30 GMT-0700 (Mountain Standard Time),10,QS,Q,S,KH,K,H,7C,7,C,6D,8D,GO,GO,9S,5D,GO,3,8,4,121
Colban,Fri Feb 20 2026 23:16:36 GMT-0700 (Mountain Standard Time),1,6D,6,D,7C,7,C,10C,1,C,KC,9C,GO,GO,GO,JC,QH,1,5,10,16
Caitlin,Fri Feb 20 2026 23:16:36 GMT-0700 (Mountain Standard Time),1,6H,6,H,8C,8,C,10C,1,C,3S,2S,AS,AD,GO,GO,GO,3,12,0,15
Colban,Fri Feb 20 2026 23:16:36 GMT-0700 (Mountain Standard Time),2,2C,2,C,8C,8,C,QD,Q,D,5S,KH,GO,5D,GO,QH,GO,6,16,,38
Caitlin,Fri Feb 20 2026 23:16:36 GMT-0700 (Mountain Standard Time),2,2S,2,S,4H,4,H,QD,Q,D,5H,10H,GO,KD,QS,GO,GO,1,10,2,28
Colban,Fri Feb 20 2026 23:16:36 GMT-0700 (Mountain Standard Time),3,9S,9,S,6S,6,S,2S,2,S,4H,KC,AD,GO,GO,10C,GO,3,4,8,53
Caitlin,Fri Feb 20 2026 23:16:36 GMT-0700 (Mountain Standard Time),3,2D,2,D,7H,7,H,2S,2,S,9D,AC,AS,5C,GO,GO,GO,9,6,,43
Colban,Fri Feb 20 2026 23:16:36 GMT-0700 (Mountain Standard Time),4,9C,9,C,JH,J,H,AD,A,D,6H,4D,GO,7H,4S,,,5,6,0,64
Caitlin,Fri Feb 20 2026 23:16:36 GMT-0700 (Mountain Standard Time),4,2C,2,C,8D,8,D,AD,A,D,9D,10S,GO,JD,JS,,,0,9,,52
Colban,Fri Feb 20 2026 23:16:36 GMT-0700 (Mountain Standard Time),5,10S,1,S,2S,2,S,8H,8,H,8C,7S,GO,4S,3D,GO,GO,0,10,2,76
Caitlin,Fri Feb 20 2026 23:16:36 GMT-0700 (Mountain Standard Time),5,2C,2,C,4D,4,D,8H,8,H,10C,5C,GO,4C,JC,GO,GO,4,8,,64
Colban,Fri Feb 20 2026 23:16:36 GMT-0700 (Mountain Standard Time),6,4D,4,D,8D,8,D,3D,3,D,KD,KS,GO,QD,5H,GO,GO,3,8,0,87
Caitlin,Fri Feb 20 2026 23:16:36 GMT-0700 (Mountain Standard Time),6,AS,A,S,8C,8,C,3D,3,D,2H,9H,GO,2C,9C,GO,GO,0,4,6,74
Colban,Fri Feb 20 2026 23:16:36 GMT-0700 (Mountain Standard Time),7,8D,8,D,3D,3,D,QC,Q,C,10C,KC,5H,GO,5D,GO,GO,2,12,3,104
Caitlin,Fri Feb 20 2026 23:16:36 GMT-0700 (Mountain Standard Time),7,10S,1,S,JS,J,S,QC,Q,C,3H,2D,AC,GO,2H,GO,GO,3,12,,89
Colban,Fri Feb 20 2026 23:16:36 GMT-0700 (Mountain Standard Time),8,9H,9,H,6C,6,C,2H,2,H,JC,GO,KS,5D,GO,QC,GO,2,8,,114
Caitlin,Fri Feb 20 2026 23:16:36 GMT-0700 (Mountain Standard Time),8,4D,4,D,4S,4,S,2H,2,H,8C,KC,GO,5H,10H,GO,GO,4,6,10,109
Colban,Fri Feb 20 2026 23:16:36 GMT-0700 (Mountain Standard Time),9,AD,A,D,6C,6,C,10H,1,H,KD,JC,GO,5C,GO,KS,GO,4,10,,128
Caitlin,Fri Feb 20 2026 23:16:36 GMT-0700 (Mountain Standard Time),9,3C,3,C,7H,7,H,10H,1,H,8D,GO,JD,QD,4D,GO,GO,1,7,,110
Caitlin,Sun Feb 22 2026 22:51:29 GMT-0700 (Mountain Standard Time),1,JS,J,S,JD,J,D,9D,9,D,2C,7H,6S,GO,GO,6C,GO,1,10,10,21
Sarah,Sun Feb 22 2026 22:51:29 GMT-0700 (Mountain Standard Time),1,10C,1,C,8D,8,D,9D,9,D,AD,4C,QD,AH,GO,GO,GO,2,8,0,10
Caitlin,Sun Feb 22 2026 22:51:29 GMT-0700 (Mountain Standard Time),2,QS,Q,S,2H,2,H,6S,6,S,9C,8S,AC,GO,10S,GO,GO,3,7,,31
Sarah,Sun Feb 22 2026 22:51:29 GMT-0700 (Mountain Standard Time),2,KH,K,H,AS,A,S,6S,6,S,6D,3C,GO,GO,JH,7C,GO,1,4,,15
Caitlin,Sun Feb 22 2026 22:51:29 GMT-0700 (Mountain Standard Time),3,3H,3,H,6S,6,S,7H,7,H,8H,10S,GO,9S,9C,GO,GO,7,12,7,57
Sarah,Sun Feb 22 2026 22:51:29 GMT-0700 (Mountain Standard Time),3,2D,2,D,8S,8,S,7H,7,H,JD,AC,GO,9H,GO,QC,GO,4,0,,19
Caitlin,Sun Feb 22 2026 22:51:29 GMT-0700 (Mountain Standard Time),4,9D,9,D,AS,A,S,QD,Q,D,KH,5C,AH,GO,5S,GO,GO,3,10,,70
Sarah,Sun Feb 22 2026 22:51:29 GMT-0700 (Mountain Standard Time),4,8C,8,C,JC,J,C,QD,Q,D,9S,6D,GO,GO,3S,4C,GO,4,2,,25
Caitlin,Sun Feb 22 2026 22:51:29 GMT-0700 (Mountain Standard Time),5,QS,Q,S,JC,J,C,9D,9,D,3H,3D,7D,AS,GO,GO,GO,8,4,2,84
Sarah,Sun Feb 22 2026 22:51:29 GMT-0700 (Mountain Standard Time),5,2H,2,H,QC,Q,C,9D,9,D,3C,6C,8C,GO,9C,GO,GO,8,10,,43
Caitlin,Sun Feb 22 2026 22:51:29 GMT-0700 (Mountain Standard Time),6,QD,Q,D,QC,Q,C,9H,9,H,8D,8S,2H,GO,2C,GO,GO,3,4,,91
Sarah,Sun Feb 22 2026 22:51:29 GMT-0700 (Mountain Standard Time),6,5D,5,D,10D,1,D,9H,9,H,6H,7D,GO,GO,9S,6S,GO,4,12,8,67
Caitlin,Sun Feb 22 2026 22:51:29 GMT-0700 (Mountain Standard Time),7,KD,K,D,KC,K,C,5H,5,H,4H,9S,GO,9H,10H,GO,GO,4,8,6,109
Sarah,Sun Feb 22 2026 22:51:29 GMT-0700 (Mountain Standard Time),7,AD,A,D,7D,7,D,5H,5,H,5C,QH,GO,JS,GO,QS,GO,2,16,,85
Caitlin,Sun Feb 22 2026 22:51:29 GMT-0700 (Mountain Standard Time),8,10H,1,H,AS,A,S,6D,6,D,JH,AC,GO,8C,7D,GO,GO,2,5,,116
Sarah,Sun Feb 22 2026 22:51:29 GMT-0700 (Mountain Standard Time),8,6H,6,H,9H,9,H,6D,6,D,9C,QD,GO,5H,5C,GO,GO,0,8,6,99
